platform,profile_id,cycle,timestamp,longitude,latitude,pressure_dbar,pressure_qc,temperature_c,temperature_qc,salinity_psu,salinity_qc,chla_mg_m3,chla_qc,nitrate_umol_kg,nitrate_qc,ph_in_situ_total,ph_qc,doxy_umol_kg,doxy_qc,bbp700_m1,bbp700_qc
5906518,5906518_153,153,2026-08-25T01:00:41.000Z,144.0495,34.203,4.53,1,27.766001,1,34.365002,1,,,,,,,,,,
5906518,5906518_153,153,2026-08-25T01:00:41.000Z,144.0495,34.203,6.13,1,27.738001,1,34.381001,1,,,,,,,,,,
5906518,5906518_153,153,2026-08-25T01:00:41.000Z,144.0495,34.203,7.84,1,,,,,0.003013,1,0.84069,1,7.997743,1,198.266769,1,0.000513,1
5906518,5906518_153,153,2026-08-25T01:00:41.000Z,144.0495,34.203,8.23,1,27.709999,1,34.418999,1,,,,,,,,,,
5906518,5906518_153,153,2026-08-25T01:00:41.000Z,144.0495,34.203,10.129999,1,27.636999,1,34.477001,1,,,,,,,,,,
5906518,5906518_153,153,2026-08-25T01:00:41.000Z,144.0495,34.203,11.919999,1,,,,,0.006026,1,0.5277,1,7.993865,1,198.779099,1,0.000549,1
5906518,5906518_153,153,2026-08-25T01:00:41.000Z,144.0495,34.203,12.23,1,27.612,1,34.487999,1,,,,,,,,,,
5906518,5906518_153,153,2026-08-25T01:00:41.000Z,144.0495,34.203,14.23,1,27.577,1,34.487999,1,,,,,,,,,,
5906518,5906518_153,153,2026-08-25T01:00:41.000Z,144.0495,34.203,16.23,1,27.549999,1,34.485001,1,,,,,,,,,,
5906518,5906518_153,153,2026-08-25T01:00:41.000Z,144.0495,34.203,16.67,1,,,,,0.009039,1,0.77605,1,7.99389,1,199.020248,1,0.000525,1
5906518,5906518_153,153,2026-08-25T01:00:41.000Z,144.0495,34.203,18.33,1,27.528,1,34.483002,1,,,,,,,,,,
5906518,5906518_153,153,2026-08-25T01:00:41.000Z,144.0495,34.203,20.23,1,27.488001,1,34.485001,1,,,,,,,,,,
5906518,5906518_153,153,2026-08-25T01:00:41.000Z,144.0495,34.203,22.089998,1,,,,,0.009039,1,0.811836,1,7.994076,1,199.582809,1,0.000584,1
5906518,5906518_153,153,2026-08-25T01:00:41.000Z,144.0495,34.203,22.129999,1,27.461,1,34.487999,1,,,,,,,,,,
5906518,5906518_153,153,2026-08-25T01:00:41.000Z,144.0495,34.203,24.23,1,27.379,1,34.469002,1,,,,,,,,,,
5906518,5906518_153,153,2026-08-25T01:00:41.000Z,144.0495,34.203,26.33,1,27.332001,1,34.467999,1,,,,,,,,,,
5906518,5906518_153,153,2026-08-25T01:00:41.000Z,144.0495,34.203,27.219999,1,,,,,0.012052,1,0.666843,1,7.994555,1,200.250336,1,0.000631,1
5906518,5906518_153,153,2026-08-25T01:00:41.000Z,144.0495,34.203,28.33,1,27.254999,1,34.487999,1,,,,,,,,,,
5906518,5906518_153,153,2026-08-25T01:00:41.000Z,144.0495,34.203,29.73,1,27.073,1,34.491001,1,,,,,,,,,,
5906518,5906518_153,153,2026-08-25T01:00:41.000Z,144.0495,34.203,31.969999,1,,,,,0.015066,1,0.783409,1,8.006532,1,208.66716,1,0.000691,1
5906518,5906518_153,153,2026-08-25T01:00:41.000Z,144.0495,34.203,32.43,1,26.346001,1,34.473,1,,,,,,,,,,
5906518,5906518_153,153,2026-08-25T01:00:41.000Z,144.0495,34.203,33.829998,1,26.200001,1,34.467999,1,,,,,,,,,,
5906518,5906518_153,153,2026-08-25T01:00:41.000Z,144.0495,34.203,36.630001,1,25.433001,1,34.462002,1,,,,,,,,,,
5906518,5906518_153,153,2026-08-25T01:00:41.000Z,144.0495,34.203,37.130001,1,,,,,0.024105,1,0.567578,1,8.017713,1,216.522064,1,0.001093,1
5906518,5906518_153,153,2026-08-25T01:00:41.000Z,144.0495,34.203,38.43,1,24.93,1,34.459,1,,,,,,,,,,
5906518,5906518_153,153,2026-08-25T01:00:41.000Z,144.0495,34.203,39.73,1,24.535,1,34.458,1,,,,,,,,,,
5906518,5906518_153,153,2026-08-25T01:00:41.000Z,144.0495,34.203,41.799999,1,,,,,0.021092,1,1.084159,1,8.032803,1,223.990234,1,0.000749,1
5906518,5906518_153,153,2026-08-25T01:00:41.000Z,144.0495,34.203,42.23,1,24.082001,1,34.466999,1,,,,,,,,,,
5906518,5906518_153,153,2026-08-25T01:00:41.000Z,144.0495,34.203,44.329998,1,23.649,1,34.467999,1,,,,,,,,,,
5906518,5906518_153,153,2026-08-25T01:00:41.000Z,144.0495,34.203,46.329998,1,23.4,1,34.471001,1,,,,,,,,,,
5906518,5906518_153,153,2026-08-25T01:00:41.000Z,144.0495,34.203,47.079998,1,,,,,0.039171,1,1.009656,1,8.043621,1,225.404633,1,0.00082,1
5906518,5906518_153,153,2026-08-25T01:00:41.000Z,144.0495,34.203,48.130001,1,23.003,1,34.533001,1,,,,,,,,,,
5906518,5906518_153,153,2026-08-25T01:00:41.000Z,144.0495,34.203,50.23,1,22.638,1,34.571999,1,,,,,,,,,,
5906518,5906518_153,153,2026-08-25T01:00:41.000Z,144.0495,34.203,52.16,1,,,,,0.039171,1,0.740259,1,8.055912,1,225.958954,1,0.000761,1
5906518,5906518_153,153,2026-08-25T01:00:41.000Z,144.0495,34.203,52.23,1,22.548,1,34.584999,1,,,,,,,,,,
5906518,5906518_153,153,2026-08-25T01:00:41.000Z,144.0495,34.203,54.23,1,22.533001,1,34.583,1,,,,,,,,,,
5906518,5906518_153,153,2026-08-25T01:00:41.000Z,144.0495,34.203,56.329998,1,22.525999,1,34.582001,1,,,,,,,,,,
5906518,5906518_153,153,2026-08-25T01:00:41.000Z,144.0495,34.203,56.879997,1,,,,,0.036157,1,0.682028,1,8.054252,1,225.98822,1,0.000773,1
5906518,5906518_153,153,2026-08-25T01:00:41.000Z,144.0495,34.203,58.43,1,22.507999,1,34.581001,1,,,,,,,,,,
5906518,5906518_153,153,2026-08-25T01:00:41.000Z,144.0495,34.203,60.029999,1,22.014,1,34.619999,1,,,,,,,,,,
5906518,5906518_153,153,2026-08-25T01:00:41.000Z,144.0495,34.203,61.829998,1,21.698,1,34.640999,1,,,,,,,,,,
5906518,5906518_153,153,2026-08-25T01:00:41.000Z,144.0495,34.203,62.019997,1,,,,,0.060262,1,0.999437,1,8.057626,1,226.881363,1,0.000808,1
5906518,5906518_153,153,2026-08-25T01:00:41.000Z,144.0495,34.203,64.230003,1,21.566,1,34.640999,1,,,,,,,,,,
5906518,5906518_153,153,2026-08-25T01:00:41.000Z,144.0495,34.203,66.230003,1,21.365999,1,34.654999,1,,,,,,,,,,
5906518,5906518_153,153,2026-08-25T01:00:41.000Z,144.0495,34.203,67.150002,1,,,,,0.066289,1,0.649631,1,8.06341,1,223.325058,1,0.000784,1
5906518,5906518_153,153,2026-08-25T01:00:41.000Z,144.0495,34.203,68.330002,1,21.327,1,34.665001,1,,,,,,,,,,
5906518,5906518_153,153,2026-08-25T01:00:41.000Z,144.0495,34.203,70.230003,1,21.291,1,34.676998,1,,,,,,,,,,
5906518,5906518_153,153,2026-08-25T01:00:41.000Z,144.0495,34.203,71.920006,1,,,,,0.084367,1,0.885895,1,8.058385,1,221.286819,1,0.000902,1
5906518,5906518_153,153,2026-08-25T01:00:41.000Z,144.0495,34.203,72.230003,1,21.156,1,34.688999,1,,,,,,,,,,
5906518,5906518_153,153,2026-08-25T01:00:41.000Z,144.0495,34.203,74.330002,1,21.073999,1,34.688,1,,,,,,,,,,
5906518,5906518_153,153,2026-08-25T01:00:41.000Z,144.0495,34.203,76.230003,1,20.846001,1,34.701,1,,,,,,,,,,
5906518,5906518_153,153,2026-08-25T01:00:41.000Z,144.0495,34.203,77.050003,1,,,,,0.256115,1,0.665208,1,8.060315,1,217.525848,1,0.00102,1
5906518,5906518_153,153,2026-08-25T01:00:41.000Z,144.0495,34.203,78.230003,1,20.629999,1,34.714001,1,,,,,,,,,,
5906518,5906518_153,153,2026-08-25T01:00:41.000Z,144.0495,34.203,80.530006,1,20.089001,1,34.710999,1,,,,,,,,,,
5906518,5906518_153,153,2026-08-25T01:00:41.000Z,144.0495,34.203,81.990005,1,,,,,0.216944,1,1.409277,1,8.066054,1,214.947464,1,0.000736,1
5906518,5906518_153,153,2026-08-25T01:00:41.000Z,144.0495,34.203,82.130005,1,19.959999,1,34.716999,1,,,,,,,,,,
5906518,5906518_153,153,2026-08-25T01:00:41.000Z,144.0495,34.203,84.230003,1,19.794001,1,34.717999,1,,,,,,,,,,
5906518,5906518_153,153,2026-08-25T01:00:41.000Z,144.0495,34.203,86.130005,1,19.652,1,34.720001,1,,,,,,,,,,
5906518,5906518_153,153,2026-08-25T01:00:41.000Z,144.0495,34.203,86.790009,1,,,,,0.189826,1,1.060607,1,8.060205,1,213.193237,1,0.000747,1
5906518,5906518_153,153,2026-08-25T01:00:41.000Z,144.0495,34.203,88.130005,1,19.544001,1,34.724998,1,,,,,,,,,,
5906518,5906518_153,153,2026-08-25T01:00:41.000Z,144.0495,34.203,90.230003,1,19.447001,1,34.731998,1,,,,,,,,,,
5906518,5906518_153,153,2026-08-25T01:00:41.000Z,144.0495,34.203,91.740005,1,,,,,0.141617,1,1.788849,1,8.056798,1,212.703506,1,0.000688,1
5906518,5906518_153,153,2026-08-25T01:00:41.000Z,144.0495,34.203,92.230003,1,19.402,1,34.740002,1,,,,,,,,,,
5906518,5906518_153,153,2026-08-25T01:00:41.000Z,144.0495,34.203,94.230003,1,19.346001,1,34.737,1,,,,,,,,,,
5906518,5906518_153,153,2026-08-25T01:00:41.000Z,144.0495,34.203,96.230003,1,19.264999,1,34.726002,1,,,,,,,,,,
5906518,5906518_153,153,2026-08-25T01:00:41.000Z,144.0495,34.203,97.050003,1,,,,,0.111485,1,1.162979,1,8.052216,1,220.184814,1,0.000617,1
5906518,5906518_153,153,2026-08-25T01:00:41.000Z,144.0495,34.203,98.330002,1,19.181,1,34.716999,1,,,,,,,,,,
5906518,5906518_153,153,2026-08-25T01:00:41.000Z,144.0495,34.203,100.230003,1,19.079,1,34.713001,1,,,,,,,,,,
5906518,5906518_153,153,2026-08-25T01:00:41.000Z,144.0495,34.203,102.090004,1,,,,,0.102446,1,1.206866,1,8.062188,1,217.847122,1,0.000593,1
5906518,5906518_153,153,2026-08-25T01:00:41.000Z,144.0495,34.203,102.230003,1,19.006001,1,34.716999,1,,,,,,,,,,
5906518,5906518_153,153,2026-08-25T01:00:41.000Z,144.0495,34.203,104.230003,1,18.937,1,34.714001,1,,,,,,,,,,
5906518,5906518_153,153,2026-08-25T01:00:41.000Z,144.0495,34.203,106.230003,1,18.886999,1,34.714001,1,,,,,,,,,,
5906518,5906518_153,153,2026-08-25T01:00:41.000Z,144.0495,34.203,108.230003,1,18.799999,1,34.715,1,,,,,,,,,,
5906518,5906518_153,153,2026-08-25T01:00:41.000Z,144.0495,34.203,110.230003,1,18.764999,1,34.714001,1,,,,,,,,,,
5906518,5906518_153,153,2026-08-25T01:00:41.000Z,144.0495,34.203,112.100006,1,,,,,0.075328,1,1.669407,1,8.058956,1,219.832321,1,0.000487,1
5906518,5906518_153,153,2026-08-25T01:00:41.000Z,144.0495,34.203,112.230003,1,18.709999,1,34.714001,1,,,,,,,,,,
5906518,5906518_153,153,2026-08-25T01:00:41.000Z,144.0495,34.203,114.230003,1,18.643,1,34.715,1,,,,,,,,,,
5906518,5906518_153,153,2026-08-25T01:00:41.000Z,144.0495,34.203,116.230003,1,18.584,1,34.712002,1,,,,,,,,,,
5906518,5906518_153,153,2026-08-25T01:00:41.000Z,144.0495,34.203,118.130005,1,18.554001,1,34.708,1,,,,,,,,,,
5906518,5906518_153,153,2026-08-25T01:00:41.000Z,144.0495,34.203,120.230003,1,18.486,1,34.709,1,,,,,,,,,,
5906518,5906518_153,153,2026-08-25T01:00:41.000Z,144.0495,34.203,122.060005,1,,,,,0.060262,1,2.302945,1,8.05356,1,214.303436,1,0.000534,1
5906518,5906518_153,153,2026-08-25T01:00:41.000Z,144.0495,34.203,122.230003,1,18.459999,1,34.714001,1,,,,,,,,,,
5906518,5906518_153,153,2026-08-25T01:00:41.000Z,144.0495,34.203,124.230003,1,18.450001,1,34.714001,1,,,,,,,,,,
5906518,5906518_153,153,2026-08-25T01:00:41.000Z,144.0495,34.203,126.230003,1,18.417,1,34.714001,1,,,,,,,,,,
5906518,5906518_153,153,2026-08-25T01:00:41.000Z,144.0495,34.203,128.229996,1,18.327,1,34.709,1,,,,,,,,,,
5906518,5906518_153,153,2026-08-25T01:00:41.000Z,144.0495,34.203,130.229996,1,18.25,1,34.709,1,,,,,,,,,,
5906518,5906518_153,153,2026-08-25T01:00:41.000Z,144.0495,34.203,132.009995,1,,,,,0.039171,1,2.739665,1,8.056477,1,211.519318,1,0.000439,1
5906518,5906518_153,153,2026-08-25T01:00:41.000Z,144.0495,34.203,132.229996,1,18.221001,1,34.714001,1,,,,,,,,,,
5906518,5906518_153,153,2026-08-25T01:00:41.000Z,144.0495,34.203,134.229996,1,18.191999,1,34.722,1,,,,,,,,,,
5906518,5906518_153,153,2026-08-25T01:00:41.000Z,144.0495,34.203,136.229996,1,18.152,1,34.723,1,,,,,,,,,,
5906518,5906518_153,153,2026-08-25T01:00:41.000Z,144.0495,34.203,138.229996,1,18.124001,1,34.723999,1,,,,,,,,,,
5906518,5906518_153,153,2026-08-25T01:00:41.000Z,144.0495,34.203,140.229996,1,18.117001,1,34.723999,1,,,,,,,,,,
5906518,5906518_153,153,2026-08-25T01:00:41.000Z,144.0495,34.203,141.919998,1,,,,,0.042184,1,2.893055,1,8.049874,1,212.417969,1,0.000439,1
5906518,5906518_153,153,2026-08-25T01:00:41.000Z,144.0495,34.203,142.229996,1,18.105,1,34.723999,1,,,,,,,,,,
5906518,5906518_153,153,2026-08-25T01:00:41.000Z,144.0495,34.203,144.229996,1,18.069,1,34.724998,1,,,,,,,,,,
5906518,5906518_153,153,2026-08-25T01:00:41.000Z,144.0495,34.203,146.229996,1,18.028,1,34.723,1,,,,,,,,,,
5906518,5906518_153,153,2026-08-25T01:00:41.000Z,144.0495,34.203,148.229996,1,18.011,1,34.722,1,,,,,,,,,,
5906518,5906518_153,153,2026-08-25T01:00:41.000Z,144.0495,34.203,150.229996,1,17.988001,1,34.723,1,,,,,,,,,,
5906518,5906518_153,153,2026-08-25T01:00:41.000Z,144.0495,34.203,151.889999,1,,,,,0.030131,1,3.105932,1,8.050445,1,211.815292,1,0.000368,1
5906518,5906518_153,153,2026-08-25T01:00:41.000Z,144.0495,34.203,152.229996,1,17.948999,1,34.722,1,,,,,,,,,,
5906518,5906518_153,153,2026-08-25T01:00:41.000Z,144.0495,34.203,154.229996,1,17.903999,1,34.719002,1,,,,,,,,,,
5906518,5906518_153,153,2026-08-25T01:00:41.000Z,144.0495,34.203,156.229996,1,17.886999,1,34.717999,1,,,,,,,,,,
5906518,5906518_153,153,2026-08-25T01:00:41.000Z,144.0495,34.203,158.229996,1,17.870001,1,34.716999,1,,,,,,,,,,
5906518,5906518_153,153,2026-08-25T01:00:41.000Z,144.0495,34.203,160.229996,1,17.846001,1,34.717999,1,,,,,,,,,,
5906518,5906518_153,153,2026-08-25T01:00:41.000Z,144.0495,34.203,161.970001,1,,,,,0.012052,1,3.281964,1,8.047118,1,211.298645,1,0.000391,1
5906518,5906518_153,153,2026-08-25T01:00:41.000Z,144.0495,34.203,162.229996,1,17.806,1,34.716999,1,,,,,,,,,,
5906518,5906518_153,153,2026-08-25T01:00:41.000Z,144.0495,34.203,164.229996,1,17.791,1,34.716,1,,,,,,,,,,
5906518,5906518_153,153,2026-08-25T01:00:41.000Z,144.0495,34.203,166.229996,1,17.778,1,34.716,1,,,,,,,,,,
5906518,5906518_153,153,2026-08-25T01:00:41.000Z,144.0495,34.203,168.229996,1,17.763,1,34.716,1,,,,,,,,,,
5906518,5906518_153,153,2026-08-25T01:00:41.000Z,144.0495,34.203,170.229996,1,17.747,1,34.716999,1,,,,,,,,,,
5906518,5906518_153,153,2026-08-25T01:00:41.000Z,144.0495,34.203,171.610001,1,,,,,0.009039,1,3.368171,1,8.046208,1,212.949615,1,0.000344,1
5906518,5906518_153,153,2026-08-25T01:00:41.000Z,144.0495,34.203,172.229996,1,17.732,1,34.716999,1,,,,,,,,,,
5906518,5906518_153,153,2026-08-25T01:00:41.000Z,144.0495,34.203,174.229996,1,17.714001,1,34.715,1,,,,,,,,,,
5906518,5906518_153,153,2026-08-25T01:00:41.000Z,144.0495,34.203,176.229996,1,17.690001,1,34.714001,1,,,,,,,,,,
5906518,5906518_153,153,2026-08-25T01:00:41.000Z,144.0495,34.203,178.229996,1,17.684,1,34.714001,1,,,,,,,,,,
5906518,5906518_153,153,2026-08-25T01:00:41.000Z,144.0495,34.203,180.229996,1,17.677,1,34.713001,1,,,,,,,,,,
5906518,5906518_153,153,2026-08-25T01:00:41.000Z,144.0495,34.203,182.169998,1,,,,,0.003013,1,3.625415,1,8.04585,1,212.76857,1,0.000332,1
5906518,5906518_153,153,2026-08-25T01:00:41.000Z,144.0495,34.203,182.229996,1,17.67,1,34.713001,1,,,,,,,,,,
5906518,5906518_153,153,2026-08-25T01:00:41.000Z,144.0495,34.203,184.229996,1,17.646999,1,34.712002,1,,,,,,,,,,
5906518,5906518_153,153,2026-08-25T01:00:41.000Z,144.0495,34.203,186.229996,1,17.632,1,34.709999,1,,,,,,,,,,
5906518,5906518_153,153,2026-08-25T01:00:41.000Z,144.0495,34.203,188.229996,1,17.625,1,34.709999,1,,,,,,,,,,
5906518,5906518_153,153,2026-08-25T01:00:41.000Z,144.0495,34.203,190.229996,1,17.607,1,34.709,1,,,,,,,,,,
5906518,5906518_153,153,2026-08-25T01:00:41.000Z,144.0495,34.203,191.729996,1,,,,,0.003013,1,3.762748,1,8.045327,1,212.835739,1,0.000403,1
5906518,5906518_153,153,2026-08-25T01:00:41.000Z,144.0495,34.203,192.229996,1,17.591,1,34.709,1,,,,,,,,,,
5906518,5906518_153,153,2026-08-25T01:00:41.000Z,144.0495,34.203,194.229996,1,17.586,1,34.708,1,,,,,,,,,,
5906518,5906518_153,153,2026-08-25T01:00:41.000Z,144.0495,34.203,196.229996,1,17.573999,1,34.708,1,,,,,,,,,,
5906518,5906518_153,153,2026-08-25T01:00:41.000Z,144.0495,34.203,198.229996,1,17.57,1,34.707001,1,,,,,,,,,,
5906518,5906518_153,153,2026-08-25T01:00:41.000Z,144.0495,34.203,200.229996,1,17.568001,1,34.707001,1,,,,,,,,,,
5906518,5906518_153,153,2026-08-25T01:00:41.000Z,144.0495,34.203,202,1,,,,,0.003013,1,3.690322,1,8.043939,1,212.37413,1,0.000296,1
5906518,5906518_153,153,2026-08-25T01:00:41.000Z,144.0495,34.203,202.229996,1,17.559,1,34.706001,1,,,,,,,,,,
5906518,5906518_153,153,2026-08-25T01:00:41.000Z,144.0495,34.203,204.229996,1,17.542999,1,34.705002,1,,,,,,,,,,
5906518,5906518_153,153,2026-08-25T01:00:41.000Z,144.0495,34.203,206.229996,1,17.535,1,34.705002,1,,,,,,,,,,
5906518,5906518_153,153,2026-08-25T01:00:41.000Z,144.0495,34.203,208.229996,1,17.511999,1,34.702999,1,,,,,,,,,,
5906518,5906518_153,153,2026-08-25T01:00:41.000Z,144.0495,34.203,210.229996,1,17.481001,1,34.702,1,,,,,,,,,,
5906518,5906518_153,153,2026-08-25T01:00:41.000Z,144.0495,34.203,211.409988,1,,,,,0,1,4.096899,1,8.042156,1,212.4841,1,0.000285,1
5906518,5906518_153,153,2026-08-25T01:00:41.000Z,144.0495,34.203,212.229996,1,17.462999,1,34.700001,1,,,,,,,,,,
5906518,5906518_153,153,2026-08-25T01:00:41.000Z,144.0495,34.203,214.229996,1,17.458,1,34.700001,1,,,,,,,,,,
5906518,5906518_153,153,2026-08-25T01:00:41.000Z,144.0495,34.203,216.229996,1,17.441,1,34.699001,1,,,,,,,,,,
5906518,5906518_153,153,2026-08-25T01:00:41.000Z,144.0495,34.203,218.229996,1,17.415001,1,34.696999,1,,,,,,,,,,
5906518,5906518_153,153,2026-08-25T01:00:41.000Z,144.0495,34.203,220.229996,1,17.403,1,34.696999,1,,,,,,,,,,
5906518,5906518_153,153,2026-08-25T01:00:41.000Z,144.0495,34.203,221.830002,1,,,,,0,1,3.980208,1,8.040068,1,212.645325,1,0.000296,1
5906518,5906518_153,153,2026-08-25T01:00:41.000Z,144.0495,34.203,222.229996,1,17.393,1,34.695,1,,,,,,,,,,
5906518,5906518_153,153,2026-08-25T01:00:41.000Z,144.0495,34.203,224.229996,1,17.392,1,34.695,1,,,,,,,,,,
5906518,5906518_153,153,2026-08-25T01:00:41.000Z,144.0495,34.203,226.229996,1,17.382999,1,34.695,1,,,,,,,,,,
5906518,5906518_153,153,2026-08-25T01:00:41.000Z,144.0495,34.203,228.229996,1,17.35,1,34.693001,1,,,,,,,,,,
5906518,5906518_153,153,2026-08-25T01:00:41.000Z,144.0495,34.203,230.229996,1,17.33,1,34.692001,1,,,,,,,,,,
5906518,5906518_153,153,2026-08-25T01:00:41.000Z,144.0495,34.203,231.300003,1,,,,,0,1,4.405589,1,8.038624,1,213.425354,1,0.000273,1
5906518,5906518_153,153,2026-08-25T01:00:41.000Z,144.0495,34.203,232.229996,1,17.311001,1,34.689999,1,,,,,,,,,,
5906518,5906518_153,153,2026-08-25T01:00:41.000Z,144.0495,34.203,234.229996,1,17.296,1,34.689999,1,,,,,,,,,,
5906518,5906518_153,153,2026-08-25T01:00:41.000Z,144.0495,34.203,236.229996,1,17.281,1,34.688,1,,,,,,,,,,
5906518,5906518_153,153,2026-08-25T01:00:41.000Z,144.0495,34.203,238.229996,1,17.268999,1,34.688,1,,,,,,,,,,
5906518,5906518_153,153,2026-08-25T01:00:41.000Z,144.0495,34.203,240.229996,1,17.239,1,34.686001,1,,,,,,,,,,
5906518,5906518_153,153,2026-08-25T01:00:41.000Z,144.0495,34.203,241.769989,1,,,,,0.003013,1,4.132955,1,8.038533,1,212.789398,1,0.000284,1
5906518,5906518_153,153,2026-08-25T01:00:41.000Z,144.0495,34.203,242.229996,1,17.23,1,34.685001,1,,,,,,,,,,
5906518,5906518_153,153,2026-08-25T01:00:41.000Z,144.0495,34.203,244.229996,1,17.219,1,34.683998,1,,,,,,,,,,
5906518,5906518_153,153,2026-08-25T01:00:41.000Z,144.0495,34.203,246.229996,1,17.181999,1,34.682999,1,,,,,,,,,,
5906518,5906518_153,153,2026-08-25T01:00:41.000Z,144.0495,34.203,248.229996,1,17.155001,1,34.681,1,,,,,,,,,,
5906518,5906518_153,153,2026-08-25T01:00:41.000Z,144.0495,34.203,250.229996,1,17.136999,1,34.68,1,,,,,,,,,,
5906518,5906518_153,153,2026-08-25T01:00:41.000Z,144.0495,34.203,251.190002,1,,,,,0,1,4.49028,1,8.033679,1,211.959274,1,0.000344,1
5906518,5906518_153,153,2026-08-25T01:00:41.000Z,144.0495,34.203,252.229996,1,17.125,1,34.679001,1,,,,,,,,,,
5906518,5906518_153,153,2026-08-25T01:00:41.000Z,144.0495,34.203,254.229996,1,17.105,1,34.676998,1,,,,,,,,,,
5906518,5906518_153,153,2026-08-25T01:00:41.000Z,144.0495,34.203,256.230011,1,17.096001,1,34.675999,1,,,,,,,,,,
5906518,5906518_153,153,2026-08-25T01:00:41.000Z,144.0495,34.203,258.230011,1,17.087999,1,34.674999,1,,,,,,,,,,
5906518,5906518_153,153,2026-08-25T01:00:41.000Z,144.0495,34.203,260.230011,1,17.077,1,34.674,1,,,,,,,,,,
5906518,5906518_153,153,2026-08-25T01:00:41.000Z,144.0495,34.203,261.490021,1,,,,,0,1,4.37282,1,8.033758,1,210.715363,1,0.000284,1
5906518,5906518_153,153,2026-08-25T01:00:41.000Z,144.0495,34.203,262.230011,1,17.065001,1,34.674999,1,,,,,,,,,,
5906518,5906518_153,153,2026-08-25T01:00:41.000Z,144.0495,34.203,264.230011,1,17.038,1,34.674,1,,,,,,,,,,
5906518,5906518_153,153,2026-08-25T01:00:41.000Z,144.0495,34.203,266.230011,1,17.014,1,34.672001,1,,,,,,,,,,
5906518,5906518_153,153,2026-08-25T01:00:41.000Z,144.0495,34.203,268.230011,1,16.999001,1,34.669998,1,,,,,,,,,,
5906518,5906518_153,153,2026-08-25T01:00:41.000Z,144.0495,34.203,270.230011,1,16.981001,1,34.667999,1,,,,,,,,,,
5906518,5906518_153,153,2026-08-25T01:00:41.000Z,144.0495,34.203,271.990021,1,,,,,0,1,4.925988,1,8.029372,1,210.416,1,0.000272,1
5906518,5906518_153,153,2026-08-25T01:00:41.000Z,144.0495,34.203,272.230011,1,16.971001,1,34.667,1,,,,,,,,,,
5906518,5906518_153,153,2026-08-25T01:00:41.000Z,144.0495,34.203,274.230011,1,16.955,1,34.666,1,,,,,,,,,,
5906518,5906518_153,153,2026-08-25T01:00:41.000Z,144.0495,34.203,276.230011,1,16.941,1,34.666,1,,,,,,,,,,
5906518,5906518_153,153,2026-08-25T01:00:41.000Z,144.0495,34.203,278.330017,1,16.93,1,34.666,1,,,,,,,,,,
5906518,5906518_153,153,2026-08-25T01:00:41.000Z,144.0495,34.203,280.230011,1,16.899,1,34.662998,1,,,,,,,,,,
5906518,5906518_153,153,2026-08-25T01:00:41.000Z,144.0495,34.203,281.920013,1,,,,,0,1,5.052491,1,8.024386,1,207.288895,1,0.000272,1
5906518,5906518_153,153,2026-08-25T01:00:41.000Z,144.0495,34.203,282.230011,1,16.870001,1,34.664001,1,,,,,,,,,,
5906518,5906518_153,153,2026-08-25T01:00:41.000Z,144.0495,34.203,284.230011,1,16.834999,1,34.660999,1,,,,,,,,,,
5906518,5906518_153,153,2026-08-25T01:00:41.000Z,144.0495,34.203,286.230011,1,16.832001,1,34.661999,1,,,,,,,,,,
5906518,5906518_153,153,2026-08-25T01:00:41.000Z,144.0495,34.203,288.230011,1,16.816,1,34.664001,1,,,,,,,,,,
5906518,5906518_153,153,2026-08-25T01:00:41.000Z,144.0495,34.203,290.230011,1,16.790001,1,34.664001,1,,,,,,,,,,
5906518,5906518_153,153,2026-08-25T01:00:41.000Z,144.0495,34.203,291.25,1,,,,,0,1,5.827537,1,8.017562,1,204.120514,1,0.000308,1
5906518,5906518_153,153,2026-08-25T01:00:41.000Z,144.0495,34.203,292.230011,1,16.782,1,34.664001,1,,,,,,,,,,
5906518,5906518_153,153,2026-08-25T01:00:41.000Z,144.0495,34.203,294.130005,1,16.757,1,34.664001,1,,,,,,,,,,
5906518,5906518_153,153,2026-08-25T01:00:41.000Z,144.0495,34.203,296.230011,1,16.738001,1,34.661999,1,,,,,,,,,,
5906518,5906518_153,153,2026-08-25T01:00:41.000Z,144.0495,34.203,298.230011,1,16.714001,1,34.660999,1,,,,,,,,,,
5906518,5906518_153,153,2026-08-25T01:00:41.000Z,144.0495,34.203,300.330017,1,16.702,1,34.660999,1,,,,,,,,,,
5906518,5906518_153,153,2026-08-25T01:00:41.000Z,144.0495,34.203,301.080017,1,,,,,0.003013,1,6.123832,1,8.012062,1,202.289017,1,0.000331,1
5906518,5906518_153,153,2026-08-25T01:00:41.000Z,144.0495,34.203,302.230011,1,16.665001,1,34.659,1,,,,,,,,,,
5906518,5906518_153,153,2026-08-25T01:00:41.000Z,144.0495,34.203,304.230011,1,16.649,1,34.658001,1,,,,,,,,,,
5906518,5906518_153,153,2026-08-25T01:00:41.000Z,144.0495,34.203,306.330017,1,16.621,1,34.657001,1,,,,,,,,,,
5906518,5906518_153,153,2026-08-25T01:00:41.000Z,144.0495,34.203,308.230011,1,16.607,1,34.655998,1,,,,,,,,,,
5906518,5906518_153,153,2026-08-25T01:00:41.000Z,144.0495,34.203,310.230011,1,16.586,1,34.654999,1,,,,,,,,,,
5906518,5906518_153,153,2026-08-25T01:00:41.000Z,144.0495,34.203,311.870026,1,,,,,0,1,6.380527,1,8.006605,1,201.677582,1,0.000308,1
5906518,5906518_153,153,2026-08-25T01:00:41.000Z,144.0495,34.203,312.230011,1,16.570999,1,34.653999,1,,,,,,,,,,
5906518,5906518_153,153,2026-08-25T01:00:41.000Z,144.0495,34.203,314.230011,1,16.556999,1,34.653,1,,,,,,,,,,
5906518,5906518_153,153,2026-08-25T01:00:41.000Z,144.0495,34.203,316.230011,1,16.546,1,34.652,1,,,,,,,,,,
5906518,5906518_153,153,2026-08-25T01:00:41.000Z,144.0495,34.203,318.230011,1,16.530001,1,34.652,1,,,,,,,,,,
5906518,5906518_153,153,2026-08-25T01:00:41.000Z,144.0495,34.203,320.230011,1,16.51,1,34.650002,1,,,,,,,,,,
5906518,5906518_153,153,2026-08-25T01:00:41.000Z,144.0495,34.203,322.01001,1,,,,,0.003013,1,6.516692,1,8.004164,1,201.033112,1,0.00032,1
5906518,5906518_153,153,2026-08-25T01:00:41.000Z,144.0495,34.203,322.230011,1,16.486,1,34.650002,1,,,,,,,,,,
5906518,5906518_153,153,2026-08-25T01:00:41.000Z,144.0495,34.203,324.230011,1,16.458,1,34.647999,1,,,,,,,,,,
5906518,5906518_153,153,2026-08-25T01:00:41.000Z,144.0495,34.203,326.230011,1,16.440001,1,34.646999,1,,,,,,,,,,
5906518,5906518_153,153,2026-08-25T01:00:41.000Z,144.0495,34.203,328.230011,1,16.431,1,34.646,1,,,,,,,,,,
5906518,5906518_153,153,2026-08-25T01:00:41.000Z,144.0495,34.203,330.230011,1,16.424999,1,34.646,1,,,,,,,,,,
5906518,5906518_153,153,2026-08-25T01:00:41.000Z,144.0495,34.203,331.370026,1,,,,,0.003013,1,6.598156,1,8.000996,1,200.784805,1,0.000331,1
5906518,5906518_153,153,2026-08-25T01:00:41.000Z,144.0495,34.203,332.230011,1,16.417999,1,34.645,1,,,,,,,,,,
5906518,5906518_153,153,2026-08-25T01:00:41.000Z,144.0495,34.203,334.230011,1,16.414,1,34.645,1,,,,,,,,,,
5906518,5906518_153,153,2026-08-25T01:00:41.000Z,144.0495,34.203,336.230011,1,16.41,1,34.644001,1,,,,,,,,,,
5906518,5906518_153,153,2026-08-25T01:00:41.000Z,144.0495,34.203,338.230011,1,16.399,1,34.644001,1,,,,,,,,,,
5906518,5906518_153,153,2026-08-25T01:00:41.000Z,144.0495,34.203,340.230011,1,16.357,1,34.643002,1,,,,,,,,,,
5906518,5906518_153,153,2026-08-25T01:00:41.000Z,144.0495,34.203,340.589996,1,,,,,0,1,6.970568,1,7.999855,1,199.927765,1,0.000343,1
5906518,5906518_153,153,2026-08-25T01:00:41.000Z,144.0495,34.203,342.230011,1,16.334999,1,34.640999,1,,,,,,,,,,
5906518,5906518_153,153,2026-08-25T01:00:41.000Z,144.0495,34.203,344.230011,1,16.326,1,34.639999,1,,,,,,,,,,
5906518,5906518_153,153,2026-08-25T01:00:41.000Z,144.0495,34.203,346.330017,1,16.304001,1,34.639,1,,,,,,,,,,
5906518,5906518_153,153,2026-08-25T01:00:41.000Z,144.0495,34.203,348.230011,1,16.281,1,34.638,1,,,,,,,,,,
5906518,5906518_153,153,2026-08-25T01:00:41.000Z,144.0495,34.203,350.130005,1,16.261,1,34.636002,1,,,,,,,,,,
5906518,5906518_153,153,2026-08-25T01:00:41.000Z,144.0495,34.203,351.52002,1,,,,,0,1,7.031992,1,7.995983,1,198.644424,1,0.000319,1
5906518,5906518_153,153,2026-08-25T01:00:41.000Z,144.0495,34.203,352.130005,1,16.250999,1,34.636002,1,,,,,,,,,,
5906518,5906518_153,153,2026-08-25T01:00:41.000Z,144.0495,34.203,354.130005,1,16.224001,1,34.633999,1,,,,,,,,,,
5906518,5906518_153,153,2026-08-25T01:00:41.000Z,144.0495,34.203,356.230011,1,16.205,1,34.632999,1,,,,,,,,,,
5906518,5906518_153,153,2026-08-25T01:00:41.000Z,144.0495,34.203,358.330017,1,16.201,1,34.632,1,,,,,,,,,,
5906518,5906518_153,153,2026-08-25T01:00:41.000Z,144.0495,34.203,360.230011,1,16.191,1,34.631001,1,,,,,,,,,,
5906518,5906518_153,153,2026-08-25T01:00:41.000Z,144.0495,34.203,360.730011,1,,,,,0,1,7.492786,1,7.991289,1,197.809525,1,0.000307,1
5906518,5906518_153,153,2026-08-25T01:00:41.000Z,144.0495,34.203,362.230011,1,16.150999,1,34.631001,1,,,,,,,,,,
5906518,5906518_153,153,2026-08-25T01:00:41.000Z,144.0495,34.203,364.230011,1,16.108999,1,34.626999,1,,,,,,,,,,
5906518,5906518_153,153,2026-08-25T01:00:41.000Z,144.0495,34.203,366.230011,1,16.093,1,34.626999,1,,,,,,,,,,
5906518,5906518_153,153,2026-08-25T01:00:41.000Z,144.0495,34.203,368.230011,1,16.077,1,34.625,1,,,,,,,,,,
5906518,5906518_153,153,2026-08-25T01:00:41.000Z,144.0495,34.203,370.230011,1,16.059999,1,34.624001,1,,,,,,,,,,
5906518,5906518_153,153,2026-08-25T01:00:41.000Z,144.0495,34.203,372.230011,1,16.045,1,34.622002,1,,,,,,,,,,
5906518,5906518_153,153,2026-08-25T01:00:41.000Z,144.0495,34.203,374.230011,1,16.037001,1,34.620998,1,,,,,,,,,,
5906518,5906518_153,153,2026-08-25T01:00:41.000Z,144.0495,34.203,376.230011,1,16.021999,1,34.619999,1,,,,,,,,,,
5906518,5906518_153,153,2026-08-25T01:00:41.000Z,144.0495,34.203,378.230011,1,15.979,1,34.618,1,,,,,,,,,,
5906518,5906518_153,153,2026-08-25T01:00:41.000Z,144.0495,34.203,380.230011,1,15.963,1,34.616001,1,,,,,,,,,,
5906518,5906518_153,153,2026-08-25T01:00:41.000Z,144.0495,34.203,381.320007,1,,,,,0,1,7.79371,1,7.983713,1,190.577988,1,0.000307,1
5906518,5906518_153,153,2026-08-25T01:00:41.000Z,144.0495,34.203,382.230011,1,15.928,1,34.613998,1,,,,,,,,,,
5906518,5906518_153,153,2026-08-25T01:00:41.000Z,144.0495,34.203,384.230011,1,15.89,1,34.610001,1,,,,,,,,,,
5906518,5906518_153,153,2026-08-25T01:00:41.000Z,144.0495,34.203,386.230011,1,15.847,1,34.608002,1,,,,,,,,,,
5906518,5906518_153,153,2026-08-25T01:00:41.000Z,144.0495,34.203,388.230011,1,15.819,1,34.605999,1,,,,,,,,,,
5906518,5906518_153,153,2026-08-25T01:00:41.000Z,144.0495,34.203,390.230011,1,15.8,1,34.604,1,,,,,,,,,,
5906518,5906518_153,153,2026-08-25T01:00:41.000Z,144.0495,34.203,392.230011,1,15.753,1,34.602001,1,,,,,,,,,,
5906518,5906518_153,153,2026-08-25T01:00:41.000Z,144.0495,34.203,394.330017,1,15.718,1,34.598999,1,,,,,,,,,,
5906518,5906518_153,153,2026-08-25T01:00:41.000Z,144.0495,34.203,396.230011,1,15.674,1,34.597,1,,,,,,,,,,
5906518,5906518_153,153,2026-08-25T01:00:41.000Z,144.0495,34.203,398.230011,1,15.625,1,34.592999,1,,,,,,,,,,
5906518,5906518_153,153,2026-08-25T01:00:41.000Z,144.0495,34.203,400.230011,1,15.582,1,34.59,1,,,,,,,,,,
5906518,5906518_153,153,2026-08-25T01:00:41.000Z,144.0495,34.203,401.529999,1,,,,,0.003013,1,9.01801,1,7.966032,1,186.977722,1,0.000319,1
5906518,5906518_153,153,2026-08-25T01:00:41.000Z,144.0495,34.203,402.230011,1,15.501,1,34.585999,1,,,,,,,,,,
5906518,5906518_153,153,2026-08-25T01:00:41.000Z,144.0495,34.203,404.230011,1,15.457,1,34.582001,1,,,,,,,,,,
5906518,5906518_153,153,2026-08-25T01:00:41.000Z,144.0495,34.203,406.230011,1,15.411,1,34.578999,1,,,,,,,,,,
5906518,5906518_153,153,2026-08-25T01:00:41.000Z,144.0495,34.203,408.230011,1,15.368,1,34.576,1,,,,,,,,,,
5906518,5906518_153,153,2026-08-25T01:00:41.000Z,144.0495,34.203,410.230011,1,15.265,1,34.571999,1,,,,,,,,,,
5906518,5906518_153,153,2026-08-25T01:00:41.000Z,144.0495,34.203,412.230011,1,15.234,1,34.568001,1,,,,,,,,,,
5906518,5906518_153,153,2026-08-25T01:00:41.000Z,144.0495,34.203,414.230011,1,15.223,1,34.567001,1,,,,,,,,,,
5906518,5906518_153,153,2026-08-25T01:00:41.000Z,144.0495,34.203,416.230011,1,15.196,1,34.566002,1,,,,,,,,,,
5906518,5906518_153,153,2026-08-25T01:00:41.000Z,144.0495,34.203,418.230011,1,15.133,1,34.562,1,,,,,,,,,,
5906518,5906518_153,153,2026-08-25T01:00:41.000Z,144.0495,34.203,420.230011,1,15.104,1,34.558998,1,,,,,,,,,,
5906518,5906518_153,153,2026-08-25T01:00:41.000Z,144.0495,34.203,422.230011,1,15.047,1,34.556,1,,,,,,,,,,
5906518,5906518_153,153,2026-08-25T01:00:41.000Z,144.0495,34.203,424.230011,1,15.023,1,34.554001,1,,,,,,,,,,
5906518,5906518_153,153,2026-08-25T01:00:41.000Z,144.0495,34.203,426.230011,1,15.005,1,34.553001,1,,,,,,,,,,
5906518,5906518_153,153,2026-08-25T01:00:41.000Z,144.0495,34.203,428.230011,1,14.992,1,34.550999,1,,,,,,,,,,
5906518,5906518_153,153,2026-08-25T01:00:41.000Z,144.0495,34.203,430.230011,1,14.948,1,34.549,1,,,,,,,,,,
5906518,5906518_153,153,2026-08-25T01:00:41.000Z,144.0495,34.203,432.230011,1,14.901,1,34.546001,1,,,,,,,,,,
5906518,5906518_153,153,2026-08-25T01:00:41.000Z,144.0495,34.203,434.230011,1,14.883,1,34.543999,1,,,,,,,,,,
5906518,5906518_153,153,2026-08-25T01:00:41.000Z,144.0495,34.203,436.230011,1,14.857,1,34.542999,1,,,,,,,,,,
5906518,5906518_153,153,2026-08-25T01:00:41.000Z,144.0495,34.203,438.230011,1,14.789,1,34.537998,1,,,,,,,,,,
5906518,5906518_153,153,2026-08-25T01:00:41.000Z,144.0495,34.203,440.230011,1,14.742,1,34.535999,1,,,,,,,,,,
5906518,5906518_153,153,2026-08-25T01:00:41.000Z,144.0495,34.203,442.130005,1,14.707,1,34.532001,1,,,,,,,,,,
5906518,5906518_153,153,2026-08-25T01:00:41.000Z,144.0495,34.203,444.230011,1,14.693,1,34.530998,1,,,,,,,,,,
5906518,5906518_153,153,2026-08-25T01:00:41.000Z,144.0495,34.203,446.230011,1,14.657,1,34.528999,1,,,,,,,,,,
5906518,5906518_153,153,2026-08-25T01:00:41.000Z,144.0495,34.203,448.230011,1,14.607,1,34.526001,1,,,,,,,,,,
5906518,5906518_153,153,2026-08-25T01:00:41.000Z,144.0495,34.203,450.230011,1,14.577,1,34.522999,1,,,,,,,,,,
5906518,5906518_153,153,2026-08-25T01:00:41.000Z,144.0495,34.203,451.490021,1,,,,,0.003013,1,11.52482,1,7.93952,1,178.960144,1,0.000354,1
5906518,5906518_153,153,2026-08-25T01:00:41.000Z,144.0495,34.203,452.330017,1,14.534,1,34.521,1,,,,,,,,,,
5906518,5906518_153,153,2026-08-25T01:00:41.000Z,144.0495,34.203,454.230011,1,14.491,1,34.516998,1,,,,,,,,,,
5906518,5906518_153,153,2026-08-25T01:00:41.000Z,144.0495,34.203,456.230011,1,14.46,1,34.514999,1,,,,,,,,,,
5906518,5906518_153,153,2026-08-25T01:00:41.000Z,144.0495,34.203,458.230011,1,14.402,1,34.511002,1,,,,,,,,,,
5906518,5906518_153,153,2026-08-25T01:00:41.000Z,144.0495,34.203,460.230011,1,14.303,1,34.507,1,,,,,,,,,,
5906518,5906518_153,153,2026-08-25T01:00:41.000Z,144.0495,34.203,462.230011,1,14.27,1,34.501999,1,,,,,,,,,,
5906518,5906518_153,153,2026-08-25T01:00:41.000Z,144.0495,34.203,464.230011,1,14.213,1,34.499001,1,,,,,,,,,,
5906518,5906518_153,153,2026-08-25T01:00:41.000Z,144.0495,34.203,466.230011,1,14.17,1,34.494999,1,,,,,,,,,,
5906518,5906518_153,153,2026-08-25T01:00:41.000Z,144.0495,34.203,468.230011,1,14.11,1,34.492001,1,,,,,,,,,,
5906518,5906518_153,153,2026-08-25T01:00:41.000Z,144.0495,34.203,470.230011,1,14.067,1,34.490002,1,,,,,,,,,,
5906518,5906518_153,153,2026-08-25T01:00:41.000Z,144.0495,34.203,472.230011,1,14.031,1,34.487,1,,,,,,,,,,
5906518,5906518_153,153,2026-08-25T01:00:41.000Z,144.0495,34.203,474.230011,1,13.974,1,34.483002,1,,,,,,,,,,
5906518,5906518_153,153,2026-08-25T01:00:41.000Z,144.0495,34.203,476.230011,1,13.908,1,34.479,1,,,,,,,,,,
5906518,5906518_153,153,2026-08-25T01:00:41.000Z,144.0495,34.203,478.230011,1,13.873,1,34.474998,1,,,,,,,,,,
5906518,5906518_153,153,2026-08-25T01:00:41.000Z,144.0495,34.203,480.230011,1,13.847,1,34.473,1,,,,,,,,,,
5906518,5906518_153,153,2026-08-25T01:00:41.000Z,144.0495,34.203,482.330017,1,13.793,1,34.470001,1,,,,,,,,,,
5906518,5906518_153,153,2026-08-25T01:00:41.000Z,144.0495,34.203,484.330017,1,13.724,1,34.465,1,,,,,,,,,,
5906518,5906518_153,153,2026-08-25T01:00:41.000Z,144.0495,34.203,486.230011,1,13.653,1,34.459999,1,,,,,,,,,,
5906518,5906518_153,153,2026-08-25T01:00:41.000Z,144.0495,34.203,488.230011,1,13.59,1,34.456001,1,,,,,,,,,,
5906518,5906518_153,153,2026-08-25T01:00:41.000Z,144.0495,34.203,490.230011,1,13.52,1,34.450001,1,,,,,,,,,,
5906518,5906518_153,153,2026-08-25T01:00:41.000Z,144.0495,34.203,492.230011,1,13.494,1,34.448002,1,,,,,,,,,,
5906518,5906518_153,153,2026-08-25T01:00:41.000Z,144.0495,34.203,494.230011,1,13.425,1,34.444,1,,,,,,,,,,
5906518,5906518_153,153,2026-08-25T01:00:41.000Z,144.0495,34.203,496.230011,1,13.368,1,34.439999,1,,,,,,,,,,
5906518,5906518_153,153,2026-08-25T01:00:41.000Z,144.0495,34.203,498.230011,1,13.298,1,34.436001,1,,,,,,,,,,
5906518,5906518_153,153,2026-08-25T01:00:41.000Z,144.0495,34.203,500.230011,1,13.266,1,34.432999,1,,,,,,,,,,
5906518,5906518_153,153,2026-08-25T01:00:41.000Z,144.0495,34.203,501.279999,1,,,,,0.003013,1,14.323755,1,7.910921,1,174.138748,1,0.000329,1
5906518,5906518_153,153,2026-08-25T01:00:41.000Z,144.0495,34.203,502.230011,1,13.189,1,34.429001,1,,,,,,,,,,
5906518,5906518_153,153,2026-08-25T01:00:41.000Z,144.0495,34.203,504.230011,1,13.158,1,34.424,1,,,,,,,,,,
5906518,5906518_153,153,2026-08-25T01:00:41.000Z,144.0495,34.203,506.230011,1,13.131,1,34.421001,1,,,,,,,,,,
5906518,5906518_153,153,2026-08-25T01:00:41.000Z,144.0495,34.203,508.230011,1,12.994,1,34.415001,1,,,,,,,,,,
5906518,5906518_153,153,2026-08-25T01:00:41.000Z,144.0495,34.203,510.230011,1,12.907,1,34.409,1,,,,,,,,,,
5906518,5906518_153,153,2026-08-25T01:00:41.000Z,144.0495,34.203,512.22998,1,12.849,1,34.403999,1,,,,,,,,,,
5906518,5906518_153,153,2026-08-25T01:00:41.000Z,144.0495,34.203,514.22998,1,12.788,1,34.400002,1,,,,,,,,,,
5906518,5906518_153,153,2026-08-25T01:00:41.000Z,144.0495,34.203,516.22998,1,12.708,1,34.391998,1,,,,,,,,,,
5906518,5906518_153,153,2026-08-25T01:00:41.000Z,144.0495,34.203,518.22998,1,12.608,1,34.386002,1,,,,,,,,,,
5906518,5906518_153,153,2026-08-25T01:00:41.000Z,144.0495,34.203,520.22998,1,12.535,1,34.379002,1,,,,,,,,,,
5906518,5906518_153,153,2026-08-25T01:00:41.000Z,144.0495,34.203,522.22998,1,12.476,1,34.375,1,,,,,,,,,,
5906518,5906518_153,153,2026-08-25T01:00:41.000Z,144.0495,34.203,524.22998,1,12.42,1,34.372002,1,,,,,,,,,,
5906518,5906518_153,153,2026-08-25T01:00:41.000Z,144.0495,34.203,526.22998,1,12.364,1,34.368,1,,,,,,,,,,
5906518,5906518_153,153,2026-08-25T01:00:41.000Z,144.0495,34.203,528.22998,1,12.329,1,34.365002,1,,,,,,,,,,
5906518,5906518_153,153,2026-08-25T01:00:41.000Z,144.0495,34.203,530.22998,1,12.289,1,34.365002,1,,,,,,,,,,
5906518,5906518_153,153,2026-08-25T01:00:41.000Z,144.0495,34.203,532.22998,1,12.245,1,34.362,1,,,,,,,,,,
5906518,5906518_153,153,2026-08-25T01:00:41.000Z,144.0495,34.203,534.22998,1,12.15,1,34.355999,1,,,,,,,,,,
5906518,5906518_153,153,2026-08-25T01:00:41.000Z,144.0495,34.203,536.22998,1,12.112,1,34.352001,1,,,,,,,,,,
5906518,5906518_153,153,2026-08-25T01:00:41.000Z,144.0495,34.203,538.22998,1,12.056,1,34.348,1,,,,,,,,,,
5906518,5906518_153,153,2026-08-25T01:00:41.000Z,144.0495,34.203,540.22998,1,12,1,34.344002,1,,,,,,,,,,
5906518,5906518_153,153,2026-08-25T01:00:41.000Z,144.0495,34.203,542.22998,1,11.949,1,34.341,1,,,,,,,,,,
5906518,5906518_153,153,2026-08-25T01:00:41.000Z,144.0495,34.203,544.22998,1,11.923,1,34.338001,1,,,,,,,,,,
5906518,5906518_153,153,2026-08-25T01:00:41.000Z,144.0495,34.203,546.22998,1,11.901,1,34.335999,1,,,,,,,,,,
5906518,5906518_153,153,2026-08-25T01:00:41.000Z,144.0495,34.203,548.22998,1,11.882,1,34.334,1,,,,,,,,,,
5906518,5906518_153,153,2026-08-25T01:00:41.000Z,144.0495,34.203,550.22998,1,11.793,1,34.330002,1,,,,,,,,,,
5906518,5906518_153,153,2026-08-25T01:00:41.000Z,144.0495,34.203,551.199951,1,,,,,0.003013,1,16.578114,1,7.887554,1,171.296799,1,0.000328,1
5906518,5906518_153,153,2026-08-25T01:00:41.000Z,144.0495,34.203,552.22998,1,11.739,1,34.325001,1,,,,,,,,,,
5906518,5906518_153,153,2026-08-25T01:00:41.000Z,144.0495,34.203,554.22998,1,11.703,1,34.323002,1,,,,,,,,,,
5906518,5906518_153,153,2026-08-25T01:00:41.000Z,144.0495,34.203,556.22998,1,11.682,1,34.32,1,,,,,,,,,,
5906518,5906518_153,153,2026-08-25T01:00:41.000Z,144.0495,34.203,558.22998,1,11.586,1,34.317001,1,,,,,,,,,,
5906518,5906518_153,153,2026-08-25T01:00:41.000Z,144.0495,34.203,560.22998,1,11.525,1,34.313,1,,,,,,,,,,
5906518,5906518_153,153,2026-08-25T01:00:41.000Z,144.0495,34.203,562.22998,1,11.486,1,34.311001,1,,,,,,,,,,
5906518,5906518_153,153,2026-08-25T01:00:41.000Z,144.0495,34.203,564.22998,1,11.444,1,34.308998,1,,,,,,,,,,
5906518,5906518_153,153,2026-08-25T01:00:41.000Z,144.0495,34.203,566.22998,1,11.418,1,34.306999,1,,,,,,,,,,
5906518,5906518_153,153,2026-08-25T01:00:41.000Z,144.0495,34.203,568.22998,1,11.382,1,34.305,1,,,,,,,,,,
5906518,5906518_153,153,2026-08-25T01:00:41.000Z,144.0495,34.203,570.22998,1,11.352,1,34.301998,1,,,,,,,,,,
5906518,5906518_153,153,2026-08-25T01:00:41.000Z,144.0495,34.203,572.22998,1,11.27,1,34.299,1,,,,,,,,,,
5906518,5906518_153,153,2026-08-25T01:00:41.000Z,144.0495,34.203,574.22998,1,11.21,1,34.292999,1,,,,,,,,,,
5906518,5906518_153,153,2026-08-25T01:00:41.000Z,144.0495,34.203,576.22998,1,11.2,1,34.291,1,,,,,,,,,,
5906518,5906518_153,153,2026-08-25T01:00:41.000Z,144.0495,34.203,578.22998,1,11.17,1,34.289001,1,,,,,,,,,,
5906518,5906518_153,153,2026-08-25T01:00:41.000Z,144.0495,34.203,580.22998,1,11.124,1,34.286999,1,,,,,,,,,,
5906518,5906518_153,153,2026-08-25T01:00:41.000Z,144.0495,34.203,582.22998,1,11.06,1,34.283001,1,,,,,,,,,,
5906518,5906518_153,153,2026-08-25T01:00:41.000Z,144.0495,34.203,584.22998,1,10.942,1,34.273998,1,,,,,,,,,,
5906518,5906518_153,153,2026-08-25T01:00:41.000Z,144.0495,34.203,586.22998,1,10.899,1,34.27,1,,,,,,,,,,
5906518,5906518_153,153,2026-08-25T01:00:41.000Z,144.0495,34.203,588.22998,1,10.791,1,34.265999,1,,,,,,,,,,
5906518,5906518_153,153,2026-08-25T01:00:41.000Z,144.0495,34.203,590.22998,1,10.736,1,34.262001,1,,,,,,,,,,
5906518,5906518_153,153,2026-08-25T01:00:41.000Z,144.0495,34.203,592.22998,1,10.666,1,34.257,1,,,,,,,,,,
5906518,5906518_153,153,2026-08-25T01:00:41.000Z,144.0495,34.203,594.22998,1,10.617,1,34.251999,1,,,,,,,,,,
5906518,5906518_153,153,2026-08-25T01:00:41.000Z,144.0495,34.203,596.22998,1,10.554,1,34.245998,1,,,,,,,,,,
5906518,5906518_153,153,2026-08-25T01:00:41.000Z,144.0495,34.203,598.22998,1,10.446,1,34.240002,1,,,,,,,,,,
5906518,5906518_153,153,2026-08-25T01:00:41.000Z,144.0495,34.203,600.22998,1,10.413,1,34.236,1,,,,,,,,,,
5906518,5906518_153,153,2026-08-25T01:00:41.000Z,144.0495,34.203,601.199951,1,,,,,0.006026,1,19.360456,1,7.856744,1,166.682663,1,0.000314,1
5906518,5906518_153,153,2026-08-25T01:00:41.000Z,144.0495,34.203,602.22998,1,10.329,1,34.230999,1,,,,,,,,,,
5906518,5906518_153,153,2026-08-25T01:00:41.000Z,144.0495,34.203,604.22998,1,10.271,1,34.227001,1,,,,,,,,,,
5906518,5906518_153,153,2026-08-25T01:00:41.000Z,144.0495,34.203,606.22998,1,10.229,1,34.223,1,,,,,,,,,,
5906518,5906518_153,153,2026-08-25T01:00:41.000Z,144.0495,34.203,608.22998,1,10.1,1,34.216,1,,,,,,,,,,
5906518,5906518_153,153,2026-08-25T01:00:41.000Z,144.0495,34.203,610.22998,1,10.013,1,34.207001,1,,,,,,,,,,
5906518,5906518_153,153,2026-08-25T01:00:41.000Z,144.0495,34.203,612.22998,1,9.937,1,34.202,1,,,,,,,,,,
5906518,5906518_153,153,2026-08-25T01:00:41.000Z,144.0495,34.203,614.22998,1,9.844,1,34.200001,1,,,,,,,,,,
5906518,5906518_153,153,2026-08-25T01:00:41.000Z,144.0495,34.203,616.22998,1,9.785,1,34.195,1,,,,,,,,,,
5906518,5906518_153,153,2026-08-25T01:00:41.000Z,144.0495,34.203,618.22998,1,9.743,1,34.191002,1,,,,,,,,,,
5906518,5906518_153,153,2026-08-25T01:00:41.000Z,144.0495,34.203,620.22998,1,9.685,1,34.185001,1,,,,,,,,,,
5906518,5906518_153,153,2026-08-25T01:00:41.000Z,144.0495,34.203,622.22998,1,9.626,1,34.18,1,,,,,,,,,,
5906518,5906518_153,153,2026-08-25T01:00:41.000Z,144.0495,34.203,624.22998,1,9.559,1,34.174,1,,,,,,,,,,
5906518,5906518_153,153,2026-08-25T01:00:41.000Z,144.0495,34.203,626.22998,1,9.465,1,34.161999,1,,,,,,,,,,
5906518,5906518_153,153,2026-08-25T01:00:41.000Z,144.0495,34.203,628.22998,1,9.425,1,34.160999,1,,,,,,,,,,
5906518,5906518_153,153,2026-08-25T01:00:41.000Z,144.0495,34.203,630.22998,1,9.409,1,34.162998,1,,,,,,,,,,
5906518,5906518_153,153,2026-08-25T01:00:41.000Z,144.0495,34.203,632.22998,1,9.383,1,34.165001,1,,,,,,,,,,
5906518,5906518_153,153,2026-08-25T01:00:41.000Z,144.0495,34.203,634.22998,1,9.362,1,34.174,1,,,,,,,,,,
5906518,5906518_153,153,2026-08-25T01:00:41.000Z,144.0495,34.203,636.22998,1,9.307,1,34.171001,1,,,,,,,,,,
5906518,5906518_153,153,2026-08-25T01:00:41.000Z,144.0495,34.203,638.22998,1,9.227,1,34.160999,1,,,,,,,,,,
5906518,5906518_153,153,2026-08-25T01:00:41.000Z,144.0495,34.203,640.22998,1,9.144,1,34.147999,1,,,,,,,,,,
5906518,5906518_153,153,2026-08-25T01:00:41.000Z,144.0495,34.203,642.22998,1,9.093,1,34.145,1,,,,,,,,,,
5906518,5906518_153,153,2026-08-25T01:00:41.000Z,144.0495,34.203,644.22998,1,9.064,1,34.143002,1,,,,,,,,,,
5906518,5906518_153,153,2026-08-25T01:00:41.000Z,144.0495,34.203,646.22998,1,9.038,1,34.141998,1,,,,,,,,,,
5906518,5906518_153,153,2026-08-25T01:00:41.000Z,144.0495,34.203,648.22998,1,9.013,1,34.144001,1,,,,,,,,,,
5906518,5906518_153,153,2026-08-25T01:00:41.000Z,144.0495,34.203,650.130005,1,9,1,34.141998,1,,,,,,,,,,
5906518,5906518_153,153,2026-08-25T01:00:41.000Z,144.0495,34.203,651.380005,1,,,,,0.006026,1,22.457329,1,7.823584,1,161.454544,1,0.000313,1
5906518,5906518_153,153,2026-08-25T01:00:41.000Z,144.0495,34.203,652.22998,1,8.937,1,34.137001,1,,,,,,,,,,
5906518,5906518_153,153,2026-08-25T01:00:41.000Z,144.0495,34.203,654.22998,1,8.868,1,34.133999,1,,,,,,,,,,
5906518,5906518_153,153,2026-08-25T01:00:41.000Z,144.0495,34.203,656.22998,1,8.827,1,34.133999,1,,,,,,,,,,
5906518,5906518_153,153,2026-08-25T01:00:41.000Z,144.0495,34.203,658.329956,1,8.764,1,34.132,1,,,,,,,,,,
5906518,5906518_153,153,2026-08-25T01:00:41.000Z,144.0495,34.203,660.329956,1,8.68,1,34.125,1,,,,,,,,,,
5906518,5906518_153,153,2026-08-25T01:00:41.000Z,144.0495,34.203,662.22998,1,8.645,1,34.120998,1,,,,,,,,,,
5906518,5906518_153,153,2026-08-25T01:00:41.000Z,144.0495,34.203,664.22998,1,8.623,1,34.118999,1,,,,,,,,,,
5906518,5906518_153,153,2026-08-25T01:00:41.000Z,144.0495,34.203,666.22998,1,8.586,1,34.118999,1,,,,,,,,,,
5906518,5906518_153,153,2026-08-25T01:00:41.000Z,144.0495,34.203,668.22998,1,8.567,1,34.117001,1,,,,,,,,,,
5906518,5906518_153,153,2026-08-25T01:00:41.000Z,144.0495,34.203,670.22998,1,8.545,1,34.115002,1,,,,,,,,,,
5906518,5906518_153,153,2026-08-25T01:00:41.000Z,144.0495,34.203,672.22998,1,8.45,1,34.110001,1,,,,,,,,,,
5906518,5906518_153,153,2026-08-25T01:00:41.000Z,144.0495,34.203,674.22998,1,8.412,1,34.105999,1,,,,,,,,,,
5906518,5906518_153,153,2026-08-25T01:00:41.000Z,144.0495,34.203,676.22998,1,8.331,1,34.103001,1,,,,,,,,,,
5906518,5906518_153,153,2026-08-25T01:00:41.000Z,144.0495,34.203,678.22998,1,8.309,1,34.101002,1,,,,,,,,,,
5906518,5906518_153,153,2026-08-25T01:00:41.000Z,144.0495,34.203,680.22998,1,8.298,1,34.101002,1,,,,,,,,,,
5906518,5906518_153,153,2026-08-25T01:00:41.000Z,144.0495,34.203,682.22998,1,8.29,1,34.102001,1,,,,,,,,,,
5906518,5906518_153,153,2026-08-25T01:00:41.000Z,144.0495,34.203,684.22998,1,8.325,1,34.117001,1,,,,,,,,,,
5906518,5906518_153,153,2026-08-25T01:00:41.000Z,144.0495,34.203,686.22998,1,8.321,1,34.129002,1,,,,,,,,,,
5906518,5906518_153,153,2026-08-25T01:00:41.000Z,144.0495,34.203,688.22998,1,8.277,1,34.127998,1,,,,,,,,,,
5906518,5906518_153,153,2026-08-25T01:00:41.000Z,144.0495,34.203,690.22998,1,8.243,1,34.125999,1,,,,,,,,,,
5906518,5906518_153,153,2026-08-25T01:00:41.000Z,144.0495,34.203,692.22998,1,8.158,1,34.124001,1,,,,,,,,,,
5906518,5906518_153,153,2026-08-25T01:00:41.000Z,144.0495,34.203,694.22998,1,7.967,1,34.099998,1,,,,,,,,,,
5906518,5906518_153,153,2026-08-25T01:00:41.000Z,144.0495,34.203,696.22998,1,7.82,1,34.081001,1,,,,,,,,,,
5906518,5906518_153,153,2026-08-25T01:00:41.000Z,144.0495,34.203,698.22998,1,7.835,1,34.085999,1,,,,,,,,,,
5906518,5906518_153,153,2026-08-25T01:00:41.000Z,144.0495,34.203,700.22998,1,7.808,1,34.083,1,,,,,,,,,,
5906518,5906518_153,153,2026-08-25T01:00:41.000Z,144.0495,34.203,701.75,1,,,,,0.006026,1,26.108631,1,7.779844,1,148.555466,1,0.000288,1
5906518,5906518_153,153,2026-08-25T01:00:41.000Z,144.0495,34.203,702.22998,1,7.727,1,34.076,1,,,,,,,,,,
5906518,5906518_153,153,2026-08-25T01:00:41.000Z,144.0495,34.203,704.22998,1,7.656,1,34.068001,1,,,,,,,,,,
5906518,5906518_153,153,2026-08-25T01:00:41.000Z,144.0495,34.203,706.22998,1,7.637,1,34.069,1,,,,,,,,,,
5906518,5906518_153,153,2026-08-25T01:00:41.000Z,144.0495,34.203,708.22998,1,7.687,1,34.091,1,,,,,,,,,,
5906518,5906518_153,153,2026-08-25T01:00:41.000Z,144.0495,34.203,710.22998,1,7.692,1,34.096001,1,,,,,,,,,,
5906518,5906518_153,153,2026-08-25T01:00:41.000Z,144.0495,34.203,712.22998,1,7.685,1,34.092999,1,,,,,,,,,,
5906518,5906518_153,153,2026-08-25T01:00:41.000Z,144.0495,34.203,714.22998,1,7.611,1,34.084999,1,,,,,,,,,,
5906518,5906518_153,153,2026-08-25T01:00:41.000Z,144.0495,34.203,716.22998,1,7.507,1,34.077999,1,,,,,,,,,,
5906518,5906518_153,153,2026-08-25T01:00:41.000Z,144.0495,34.203,718.22998,1,7.456,1,34.071999,1,,,,,,,,,,
5906518,5906518_153,153,2026-08-25T01:00:41.000Z,144.0495,34.203,720.22998,1,7.348,1,34.064999,1,,,,,,,,,,
5906518,5906518_153,153,2026-08-25T01:00:41.000Z,144.0495,34.203,722.22998,1,7.323,1,34.062,1,,,,,,,,,,
5906518,5906518_153,153,2026-08-25T01:00:41.000Z,144.0495,34.203,724.22998,1,7.279,1,34.057999,1,,,,,,,,,,
5906518,5906518_153,153,2026-08-25T01:00:41.000Z,144.0495,34.203,726.22998,1,7.154,1,34.049,1,,,,,,,,,,
5906518,5906518_153,153,2026-08-25T01:00:41.000Z,144.0495,34.203,728.22998,1,7.081,1,34.043999,1,,,,,,,,,,
5906518,5906518_153,153,2026-08-25T01:00:41.000Z,144.0495,34.203,730.22998,1,7.076,1,34.049,1,,,,,,,,,,
5906518,5906518_153,153,2026-08-25T01:00:41.000Z,144.0495,34.203,732.22998,1,7.056,1,34.053001,1,,,,,,,,,,
5906518,5906518_153,153,2026-08-25T01:00:41.000Z,144.0495,34.203,734.22998,1,7.06,1,34.056,1,,,,,,,,,,
5906518,5906518_153,153,2026-08-25T01:00:41.000Z,144.0495,34.203,736.22998,1,7.092,1,34.075001,1,,,,,,,,,,
5906518,5906518_153,153,2026-08-25T01:00:41.000Z,144.0495,34.203,738.22998,1,7.067,1,34.081001,1,,,,,,,,,,
5906518,5906518_153,153,2026-08-25T01:00:41.000Z,144.0495,34.203,740.22998,1,7.019,1,34.083,1,,,,,,,,,,
5906518,5906518_153,153,2026-08-25T01:00:41.000Z,144.0495,34.203,742.22998,1,7.025,1,34.088001,1,,,,,,,,,,
5906518,5906518_153,153,2026-08-25T01:00:41.000Z,144.0495,34.203,744.22998,1,6.99,1,34.089001,1,,,,,,,,,,
5906518,5906518_153,153,2026-08-25T01:00:41.000Z,144.0495,34.203,746.22998,1,6.993,1,34.096001,1,,,,,,,,,,
5906518,5906518_153,153,2026-08-25T01:00:41.000Z,144.0495,34.203,748.22998,1,6.97,1,34.098999,1,,,,,,,,,,
5906518,5906518_153,153,2026-08-25T01:00:41.000Z,144.0495,34.203,750.22998,1,6.942,1,34.103001,1,,,,,,,,,,
5906518,5906518_153,153,2026-08-25T01:00:41.000Z,144.0495,34.203,751.449951,1,,,,,0.009039,1,29.529207,1,7.732481,1,123.540802,1,0.000298,1
5906518,5906518_153,153,2026-08-25T01:00:41.000Z,144.0495,34.203,752.22998,1,6.886,1,34.102001,1,,,,,,,,,,
5906518,5906518_153,153,2026-08-25T01:00:41.000Z,144.0495,34.203,754.22998,1,6.872,1,34.105999,1,,,,,,,,,,
5906518,5906518_153,153,2026-08-25T01:00:41.000Z,144.0495,34.203,756.22998,1,6.911,1,34.117001,1,,,,,,,,,,
5906518,5906518_153,153,2026-08-25T01:00:41.000Z,144.0495,34.203,758.22998,1,6.921,1,34.123001,1,,,,,,,,,,
5906518,5906518_153,153,2026-08-25T01:00:41.000Z,144.0495,34.203,760.22998,1,6.924,1,34.125999,1,,,,,,,,,,
5906518,5906518_153,153,2026-08-25T01:00:41.000Z,144.0495,34.203,762.22998,1,6.896,1,34.124001,1,,,,,,,,,,
5906518,5906518_153,153,2026-08-25T01:00:41.000Z,144.0495,34.203,764.22998,1,6.863,1,34.120998,1,,,,,,,,,,
5906518,5906518_153,153,2026-08-25T01:00:41.000Z,144.0495,34.203,766.22998,1,6.808,1,34.118999,1,,,,,,,,,,
5906518,5906518_153,153,2026-08-25T01:00:41.000Z,144.0495,34.203,768.22998,1,6.764,1,34.118,1,,,,,,,,,,
5906518,5906518_153,153,2026-08-25T01:00:41.000Z,144.0495,34.203,770.22998,1,6.705,1,34.116001,1,,,,,,,,,,
5906518,5906518_153,153,2026-08-25T01:00:41.000Z,144.0495,34.203,772.22998,1,6.664,1,34.115002,1,,,,,,,,,,
5906518,5906518_153,153,2026-08-25T01:00:41.000Z,144.0495,34.203,774.22998,1,6.651,1,34.118,1,,,,,,,,,,
5906518,5906518_153,153,2026-08-25T01:00:41.000Z,144.0495,34.203,776.22998,1,6.639,1,34.124001,1,,,,,,,,,,
5906518,5906518_153,153,2026-08-25T01:00:41.000Z,144.0495,34.203,778.22998,1,6.618,1,34.123001,1,,,,,,,,,,
5906518,5906518_153,153,2026-08-25T01:00:41.000Z,144.0495,34.203,780.22998,1,6.595,1,34.123001,1,,,,,,,,,,
5906518,5906518_153,153,2026-08-25T01:00:41.000Z,144.0495,34.203,782.22998,1,6.562,1,34.124001,1,,,,,,,,,,
5906518,5906518_153,153,2026-08-25T01:00:41.000Z,144.0495,34.203,784.22998,1,6.516,1,34.125,1,,,,,,,,,,
5906518,5906518_153,153,2026-08-25T01:00:41.000Z,144.0495,34.203,786.22998,1,6.441,1,34.120998,1,,,,,,,,,,
5906518,5906518_153,153,2026-08-25T01:00:41.000Z,144.0495,34.203,788.22998,1,6.457,1,34.129002,1,,,,,,,,,,
5906518,5906518_153,153,2026-08-25T01:00:41.000Z,144.0495,34.203,790.22998,1,6.47,1,34.134998,1,,,,,,,,,,
5906518,5906518_153,153,2026-08-25T01:00:41.000Z,144.0495,34.203,792.22998,1,6.461,1,34.134998,1,,,,,,,,,,
5906518,5906518_153,153,2026-08-25T01:00:41.000Z,144.0495,34.203,794.22998,1,6.455,1,34.133999,1,,,,,,,,,,
5906518,5906518_153,153,2026-08-25T01:00:41.000Z,144.0495,34.203,796.22998,1,6.386,1,34.132999,1,,,,,,,,,,
5906518,5906518_153,153,2026-08-25T01:00:41.000Z,144.0495,34.203,798.22998,1,6.293,1,34.119999,1,,,,,,,,,,
5906518,5906518_153,153,2026-08-25T01:00:41.000Z,144.0495,34.203,800.22998,1,6.269,1,34.124001,1,,,,,,,,,,
5906518,5906518_153,153,2026-08-25T01:00:41.000Z,144.0495,34.203,802.019958,1,,,,,0.012052,1,32.247009,1,7.69377,1,106.449196,1,0.000285,1
5906518,5906518_153,153,2026-08-25T01:00:41.000Z,144.0495,34.203,802.22998,1,6.175,1,34.118,1,,,,,,,,,,
5906518,5906518_153,153,2026-08-25T01:00:41.000Z,144.0495,34.203,804.22998,1,6.141,1,34.120998,1,,,,,,,,,,
5906518,5906518_153,153,2026-08-25T01:00:41.000Z,144.0495,34.203,806.22998,1,6.135,1,34.119999,1,,,,,,,,,,
5906518,5906518_153,153,2026-08-25T01:00:41.000Z,144.0495,34.203,808.22998,1,6.141,1,34.125,1,,,,,,,,,,
5906518,5906518_153,153,2026-08-25T01:00:41.000Z,144.0495,34.203,810.22998,1,6.138,1,34.125999,1,,,,,,,,,,
5906518,5906518_153,153,2026-08-25T01:00:41.000Z,144.0495,34.203,812.22998,1,6.088,1,34.129002,1,,,,,,,,,,
5906518,5906518_153,153,2026-08-25T01:00:41.000Z,144.0495,34.203,814.22998,1,6.163,1,34.148998,1,,,,,,,,,,
5906518,5906518_153,153,2026-08-25T01:00:41.000Z,144.0495,34.203,816.22998,1,6.147,1,34.146999,1,,,,,,,,,,
5906518,5906518_153,153,2026-08-25T01:00:41.000Z,144.0495,34.203,818.22998,1,6.012,1,34.133999,1,,,,,,,,,,
5906518,5906518_153,153,2026-08-25T01:00:41.000Z,144.0495,34.203,820.22998,1,5.955,1,34.129002,1,,,,,,,,,,
5906518,5906518_153,153,2026-08-25T01:00:41.000Z,144.0495,34.203,822.22998,1,5.94,1,34.132,1,,,,,,,,,,
5906518,5906518_153,153,2026-08-25T01:00:41.000Z,144.0495,34.203,824.22998,1,6.049,1,34.162998,1,,,,,,,,,,
5906518,5906518_153,153,2026-08-25T01:00:41.000Z,144.0495,34.203,826.22998,1,6.053,1,34.172001,1,,,,,,,,,,
5906518,5906518_153,153,2026-08-25T01:00:41.000Z,144.0495,34.203,828.329956,1,5.968,1,34.160999,1,,,,,,,,,,
5906518,5906518_153,153,2026-08-25T01:00:41.000Z,144.0495,34.203,830.22998,1,5.949,1,34.158001,1,,,,,,,,,,
5906518,5906518_153,153,2026-08-25T01:00:41.000Z,144.0495,34.203,832.22998,1,5.775,1,34.145,1,,,,,,,,,,
5906518,5906518_153,153,2026-08-25T01:00:41.000Z,144.0495,34.203,834.22998,1,5.575,1,34.119999,1,,,,,,,,,,
5906518,5906518_153,153,2026-08-25T01:00:41.000Z,144.0495,34.203,836.22998,1,5.703,1,34.146999,1,,,,,,,,,,
5906518,5906518_153,153,2026-08-25T01:00:41.000Z,144.0495,34.203,838.22998,1,5.735,1,34.160999,1,,,,,,,,,,
5906518,5906518_153,153,2026-08-25T01:00:41.000Z,144.0495,34.203,840.22998,1,5.646,1,34.152,1,,,,,,,,,,
5906518,5906518_153,153,2026-08-25T01:00:41.000Z,144.0495,34.203,842.22998,1,5.524,1,34.139,1,,,,,,,,,,
5906518,5906518_153,153,2026-08-25T01:00:41.000Z,144.0495,34.203,844.22998,1,5.535,1,34.146,1,,,,,,,,,,
5906518,5906518_153,153,2026-08-25T01:00:41.000Z,144.0495,34.203,846.22998,1,5.591,1,34.160999,1,,,,,,,,,,
5906518,5906518_153,153,2026-08-25T01:00:41.000Z,144.0495,34.203,848.22998,1,5.639,1,34.175999,1,,,,,,,,,,
5906518,5906518_153,153,2026-08-25T01:00:41.000Z,144.0495,34.203,850.22998,1,5.644,1,34.181999,1,,,,,,,,,,
5906518,5906518_153,153,2026-08-25T01:00:41.000Z,144.0495,34.203,851.339966,1,,,,,0.012052,1,34.949177,1,7.656148,1,85.604492,1,0.000296,1
5906518,5906518_153,153,2026-08-25T01:00:41.000Z,144.0495,34.203,852.22998,1,5.624,1,34.183998,1,,,,,,,,,,
5906518,5906518_153,153,2026-08-25T01:00:41.000Z,144.0495,34.203,854.22998,1,5.627,1,34.187,1,,,,,,,,,,
5906518,5906518_153,153,2026-08-25T01:00:41.000Z,144.0495,34.203,856.22998,1,5.633,1,34.189999,1,,,,,,,,,,
5906518,5906518_153,153,2026-08-25T01:00:41.000Z,144.0495,34.203,858.22998,1,5.631,1,34.194,1,,,,,,,,,,
5906518,5906518_153,153,2026-08-25T01:00:41.000Z,144.0495,34.203,860.130005,1,5.613,1,34.195,1,,,,,,,,,,
5906518,5906518_153,153,2026-08-25T01:00:41.000Z,144.0495,34.203,862.22998,1,5.586,1,34.193001,1,,,,,,,,,,
5906518,5906518_153,153,2026-08-25T01:00:41.000Z,144.0495,34.203,864.329956,1,5.546,1,34.189999,1,,,,,,,,,,
5906518,5906518_153,153,2026-08-25T01:00:41.000Z,144.0495,34.203,866.22998,1,5.513,1,34.189999,1,,,,,,,,,,
5906518,5906518_153,153,2026-08-25T01:00:41.000Z,144.0495,34.203,868.22998,1,5.491,1,34.191002,1,,,,,,,,,,
5906518,5906518_153,153,2026-08-25T01:00:41.000Z,144.0495,34.203,870.130005,1,5.478,1,34.192001,1,,,,,,,,,,
5906518,5906518_153,153,2026-08-25T01:00:41.000Z,144.0495,34.203,872.22998,1,5.462,1,34.189999,1,,,,,,,,,,
5906518,5906518_153,153,2026-08-25T01:00:41.000Z,144.0495,34.203,874.22998,1,5.438,1,34.189999,1,,,,,,,,,,
5906518,5906518_153,153,2026-08-25T01:00:41.000Z,144.0495,34.203,876.22998,1,5.452,1,34.192001,1,,,,,,,,,,
5906518,5906518_153,153,2026-08-25T01:00:41.000Z,144.0495,34.203,878.22998,1,5.494,1,34.200001,1,,,,,,,,,,
5906518,5906518_153,153,2026-08-25T01:00:41.000Z,144.0495,34.203,880.130005,1,5.493,1,34.202999,1,,,,,,,,,,
5906518,5906518_153,153,2026-08-25T01:00:41.000Z,144.0495,34.203,882.130005,1,5.431,1,34.198002,1,,,,,,,,,,
5906518,5906518_153,153,2026-08-25T01:00:41.000Z,144.0495,34.203,884.22998,1,5.363,1,34.188,1,,,,,,,,,,
5906518,5906518_153,153,2026-08-25T01:00:41.000Z,144.0495,34.203,886.329956,1,5.355,1,34.186001,1,,,,,,,,,,
5906518,5906518_153,153,2026-08-25T01:00:41.000Z,144.0495,34.203,888.22998,1,5.301,1,34.181999,1,,,,,,,,,,
5906518,5906518_153,153,2026-08-25T01:00:41.000Z,144.0495,34.203,890.22998,1,5.257,1,34.178001,1,,,,,,,,,,
5906518,5906518_153,153,2026-08-25T01:00:41.000Z,144.0495,34.203,892.22998,1,5.258,1,34.18,1,,,,,,,,,,
5906518,5906518_153,153,2026-08-25T01:00:41.000Z,144.0495,34.203,894.22998,1,5.205,1,34.178001,1,,,,,,,,,,
5906518,5906518_153,153,2026-08-25T01:00:41.000Z,144.0495,34.203,896.22998,1,5.105,1,34.164001,1,,,,,,,,,,
5906518,5906518_153,153,2026-08-25T01:00:41.000Z,144.0495,34.203,898.22998,1,5.072,1,34.16,1,,,,,,,,,,
5906518,5906518_153,153,2026-08-25T01:00:41.000Z,144.0495,34.203,900.130005,1,5.054,1,34.159,1,,,,,,,,,,
5906518,5906518_153,153,2026-08-25T01:00:41.000Z,144.0495,34.203,902.029968,1,,,,,0.012052,1,36.610058,1,7.621614,1,76.985085,1,0.000295,1
5906518,5906518_153,153,2026-08-25T01:00:41.000Z,144.0495,34.203,902.22998,1,5.13,1,34.171001,1,,,,,,,,,,
5906518,5906518_153,153,2026-08-25T01:00:41.000Z,144.0495,34.203,904.22998,1,5.131,1,34.176998,1,,,,,,,,,,
5906518,5906518_153,153,2026-08-25T01:00:41.000Z,144.0495,34.203,906.22998,1,5.122,1,34.172001,1,,,,,,,,,,
5906518,5906518_153,153,2026-08-25T01:00:41.000Z,144.0495,34.203,908.22998,1,5.004,1,34.164001,1,,,,,,,,,,
5906518,5906518_153,153,2026-08-25T01:00:41.000Z,144.0495,34.203,910.329956,1,5.001,1,34.159,1,,,,,,,,,,
5906518,5906518_153,153,2026-08-25T01:00:41.000Z,144.0495,34.203,912.22998,1,5.016,1,34.164001,1,,,,,,,,,,
5906518,5906518_153,153,2026-08-25T01:00:41.000Z,144.0495,34.203,914.22998,1,5.039,1,34.169998,1,,,,,,,,,,
5906518,5906518_153,153,2026-08-25T01:00:41.000Z,144.0495,34.203,916.329956,1,5.112,1,34.188,1,,,,,,,,,,
5906518,5906518_153,153,2026-08-25T01:00:41.000Z,144.0495,34.203,918.22998,1,5.157,1,34.200001,1,,,,,,,,,,
5906518,5906518_153,153,2026-08-25T01:00:41.000Z,144.0495,34.203,920.22998,1,5.153,1,34.200001,1,,,,,,,,,,
5906518,5906518_153,153,2026-08-25T01:00:41.000Z,144.0495,34.203,922.22998,1,5.123,1,34.201,1,,,,,,,,,,
5906518,5906518_153,153,2026-08-25T01:00:41.000Z,144.0495,34.203,924.22998,1,5.101,1,34.201,1,,,,,,,,,,
5906518,5906518_153,153,2026-08-25T01:00:41.000Z,144.0495,34.203,926.329956,1,5.079,1,34.202999,1,,,,,,,,,,
5906518,5906518_153,153,2026-08-25T01:00:41.000Z,144.0495,34.203,928.22998,1,5.078,1,34.207001,1,,,,,,,,,,
5906518,5906518_153,153,2026-08-25T01:00:41.000Z,144.0495,34.203,930.22998,1,5.074,1,34.209,1,,,,,,,,,,
5906518,5906518_153,153,2026-08-25T01:00:41.000Z,144.0495,34.203,932.329956,1,5.069,1,34.210999,1,,,,,,,,,,
5906518,5906518_153,153,2026-08-25T01:00:41.000Z,144.0495,34.203,934.22998,1,5.056,1,34.212002,1,,,,,,,,,,
5906518,5906518_153,153,2026-08-25T01:00:41.000Z,144.0495,34.203,936.22998,1,5.045,1,34.213001,1,,,,,,,,,,
5906518,5906518_153,153,2026-08-25T01:00:41.000Z,144.0495,34.203,938.22998,1,5.025,1,34.212002,1,,,,,,,,,,
5906518,5906518_153,153,2026-08-25T01:00:41.000Z,144.0495,34.203,940.22998,1,5.009,1,34.209,1,,,,,,,,,,
5906518,5906518_153,153,2026-08-25T01:00:41.000Z,144.0495,34.203,942.22998,1,4.989,1,34.207001,1,,,,,,,,,,
5906518,5906518_153,153,2026-08-25T01:00:41.000Z,144.0495,34.203,944.130005,1,4.97,1,34.206001,1,,,,,,,,,,
5906518,5906518_153,153,2026-08-25T01:00:41.000Z,144.0495,34.203,946.22998,1,4.997,1,34.215,1,,,,,,,,,,
5906518,5906518_153,153,2026-08-25T01:00:41.000Z,144.0495,34.203,948.130005,1,5.048,1,34.23,1,,,,,,,,,,
5906518,5906518_153,153,2026-08-25T01:00:41.000Z,144.0495,34.203,950.22998,1,5.062,1,34.238998,1,,,,,,,,,,
5906518,5906518_153,153,2026-08-25T01:00:41.000Z,144.0495,34.203,952.029968,1,,,,,0.012052,1,36.605141,1,7.62652,1,70.365768,1,0.000306,1
5906518,5906518_153,153,2026-08-25T01:00:41.000Z,144.0495,34.203,952.22998,1,5.057,1,34.243999,1,,,,,,,,,,
5906518,5906518_153,153,2026-08-25T01:00:41.000Z,144.0495,34.203,954.130005,1,5.036,1,34.243999,1,,,,,,,,,,
5906518,5906518_153,153,2026-08-25T01:00:41.000Z,144.0495,34.203,956.22998,1,5.019,1,34.243999,1,,,,,,,,,,
5906518,5906518_153,153,2026-08-25T01:00:41.000Z,144.0495,34.203,958.22998,1,5,1,34.242001,1,,,,,,,,,,
5906518,5906518_153,153,2026-08-25T01:00:41.000Z,144.0495,34.203,960.22998,1,4.964,1,34.240002,1,,,,,,,,,,
5906518,5906518_153,153,2026-08-25T01:00:41.000Z,144.0495,34.203,962.22998,1,4.914,1,34.238998,1,,,,,,,,,,
5906518,5906518_153,153,2026-08-25T01:00:41.000Z,144.0495,34.203,964.22998,1,4.894,1,34.236,1,,,,,,,,,,
5906518,5906518_153,153,2026-08-25T01:00:41.000Z,144.0495,34.203,966.130005,1,4.863,1,34.235001,1,,,,,,,,,,
5906518,5906518_153,153,2026-08-25T01:00:41.000Z,144.0495,34.203,968.22998,1,4.841,1,34.234001,1,,,,,,,,,,
5906518,5906518_153,153,2026-08-25T01:00:41.000Z,144.0495,34.203,970.329956,1,4.812,1,34.233002,1,,,,,,,,,,
5906518,5906518_153,153,2026-08-25T01:00:41.000Z,144.0495,34.203,972.22998,1,4.785,1,34.230999,1,,,,,,,,,,
5906518,5906518_153,153,2026-08-25T01:00:41.000Z,144.0495,34.203,974.22998,1,4.756,1,34.231998,1,,,,,,,,,,
5906518,5906518_153,153,2026-08-25T01:00:41.000Z,144.0495,34.203,976.22998,1,4.755,1,34.236,1,,,,,,,,,,
5906518,5906518_153,153,2026-08-25T01:00:41.000Z,144.0495,34.203,978.22998,1,4.766,1,34.244999,1,,,,,,,,,,
5906518,5906518_153,153,2026-08-25T01:00:41.000Z,144.0495,34.203,980.029968,1,4.751,1,34.249001,1,,,,,,,,,,
5906518,5906518_153,153,2026-08-25T01:00:41.000Z,144.0495,34.203,1000.23999,1,4.6446,1,34.270901,1,0.015066,1,38.117516,1,7.614932,1,62.643887,1,0.000318,1
5906518,5906518_153,153,2026-08-25T01:00:41.000Z,144.0495,34.203,1099.929932,1,3.9643,1,34.312099,1,0.015066,1,40.33139,1,7.590789,1,48.087383,1,0.00034,1
5906518,5906518_153,153,2026-08-25T01:00:41.000Z,144.0495,34.203,1199.869995,1,3.4777,1,34.346699,1,0.018079,1,41.345627,1,7.57005,1,41.196892,1,0.00028,1
5906518,5906518_153,153,2026-08-25T01:00:41.000Z,144.0495,34.203,1299.47998,1,3.0898,1,34.380402,1,0.018079,1,42.305122,1,7.562582,1,38.869102,1,0.000314,1
5906518,5906518_153,153,2026-08-25T01:00:41.000Z,144.0495,34.203,1400.049927,1,2.8936,1,34.421799,1,0.018079,1,42.465961,1,7.56757,1,37.799049,1,0.000326,1
5906518,5906518_153,153,2026-08-25T01:00:41.000Z,144.0495,34.203,1498.609985,1,2.7242,1,34.4505,1,0.018079,1,42.656841,1,7.56917,1,37.444504,1,0.000302,1
5906518,5906518_153,153,2026-08-25T01:00:41.000Z,144.0495,34.203,1599.119995,1,2.5892,1,34.474098,1,0.015066,1,42.449013,1,7.574032,1,39.697411,1,0.000313,1
5906518,5906518_153,153,2026-08-25T01:00:41.000Z,144.0495,34.203,1698.910034,1,2.4604,1,34.4995,1,0.015066,1,42.431221,1,7.58311,1,43.344322,1,0.000289,1
